customer_id,age,gender,occupation,income,balance,mobile_usage_per_week,investment_product,credit_score,tenure_years
C0001,59,M,Student,4477377,4079969,3,0,622,5
C0002,49,M,Freelancer,6161269,3814620,4,0,705,2
C0003,35,F,Freelancer,8125544,5106801,4,1,683,3
C0004,28,F,Student,10078273,18556986,7,0,742,7
C0005,41,M,Entrepreneur,11552977,9101446,6,0,841,2
C0006,59,F,Banker,7822768,7705875,8,0,715,9
C0007,39,M,Student,10560300,8870489,13,0,708,5
C0008,43,F,Doctor,7733851,7985158,7,0,820,0
C0009,31,M,Teacher,8165446,4933037,1,1,735,6
C0010,31,M,Banker,5780016,7390268,9,0,640,7
C0011,44,M,Banker,7230300,4348438,11,1,711,7
C0012,56,M,Freelancer,5944946,10109587,3,0,746,2
C0013,44,M,Banker,7072380,6015540,5,0,711,9
C0014,23,M,Student,13160925,17241046,11,0,702,0
C0015,42,F,Doctor,7151803,13017129,1,0,645,8
C0016,22,M,Doctor,17897146,26421843,6,0,755,5
C0017,44,F,Engineer,11479953,14917472,2,0,837,8
C0018,50,M,Doctor,10554508,10412028,12,0,848,6
C0019,58,F,Doctor,7424926,7421234,2,0,818,0
C0020,22,F,Freelancer,12100929,18202585,10,0,667,0
C0021,41,F,Doctor,8273086,16473443,1,1,721,5
C0022,53,M,Engineer,10366029,15473980,10,1,614,4
C0023,32,M,Teacher,17680253,23632754,7,0,826,8
C0024,42,F,Student,9711820,15499829,5,0,764,1
C0025,45,M,Freelancer,13447819,16107910,0,0,728,7
C0026,47,F,Teacher,7890470,4657062,11,0,794,4
C0027,48,M,Freelancer,9895034,13293436,0,0,710,1
C0028,36,F,Entrepreneur,15312401,29651514,6,1,623,9
C0029,35,F,Banker,8119098,6194501,7,0,626,5
C0030,23,M,Entrepreneur,15437345,23696437,4,0,639,9
C0031,57,F,Doctor,12123255,9715583,11,1,790,7
C0032,27,M,Teacher,8312599,10837480,10,0,788,3
C0033,41,F,Doctor,11897223,7673883,4,1,763,1
C0034,29,F,Banker,12917663,15185441,3,0,825,4
C0035,59,M,Freelancer,11865429,19391017,13,0,820,1
C0036,38,M,Banker,5289325,5402290,5,0,623,1
C0037,24,M,Engineer,7818588,11707300,13,0,623,5
C0038,45,F,Banker,9257444,15674472,5,1,833,9
C0039,34,M,Engineer,9776699,18485457,2,0,603,8
C0040,29,F,Banker,11862016,10106000,8,1,666,3
C0041,46,F,Student,10533103,11575605,11,0,633,5
C0042,22,M,Engineer,5993966,4367347,10,0,784,6
C0043,40,M,Teacher,11140593,22155578,13,0,776,5
C0044,48,F,Doctor,11831757,22367953,6,0,814,7
C0045,27,F,Doctor,11679371,15299224,0,1,780,3
C0046,28,M,Entrepreneur,13242342,23346910,12,0,847,0
C0047,55,M,Doctor,12501766,16020225,6,0,715,6
C0048,34,M,Freelancer,11377540,16331076,4,0,622,2
C0049,37,M,Student,9789502,6203476,4,0,708,5
C0050,56,M,Banker,5017117,8192478,13,0,668,1
C0051,24,F,Entrepreneur,11288854,7807035,12,0,694,8
C0052,22,F,Freelancer,10623063,18474584,1,1,780,0
C0053,26,F,Freelancer,10814736,18093508,3,0,661,5
C0054,24,F,Engineer,6169754,9644047,11,0,768,5
C0055,49,M,Doctor,6756830,3744909,5,0,656,4
C0056,38,M,Teacher,13159458,12563236,9,0,848,4
C0057,46,M,Teacher,9881334,8840521,10,1,787,0
C0058,54,F,Entrepreneur,12044502,12528746,6,0,653,9
C0059,30,F,Student,10084955,6368287,10,0,669,4
C0060,56,M,Teacher,10089268,19224461,4,0,700,1
C0061,34,M,Banker,12814851,17052765,8,0,656,6
C0062,51,F,Teacher,8451865,8099307,2,0,737,2
C0063,35,F,Entrepreneur,10288362,11270615,0,1,767,3
C0064,28,M,Teacher,8613174,10084336,3,1,734,2
C0065,34,M,Banker,8696511,12182868,8,1,702,2
C0066,43,F,Engineer,9072483,11553980,3,0,765,3
C0067,41,M,Student,10666401,20043105,1,0,684,4
C0068,36,M,Entrepreneur,8563754,10665686,9,0,660,0
C0069,38,M,Engineer,13767268,27372591,13,0,811,3
C0070,44,F,Engineer,7316178,13001853,13,1,602,7
C0071,46,F,Engineer,9439385,7672009,4,0,727,9
C0072,45,F,Freelancer,8680806,16457877,2,1,778,6
C0073,49,F,Student,14340933,9673670,12,1,685,8
C0074,35,F,Doctor,10589664,18279608,11,0,646,4
C0075,21,F,Student,13095533,14024463,12,0,795,9
C0076,45,F,Freelancer,5543318,10071995,8,0,819,3
C0077,27,M,Doctor,10801150,19464590,3,0,675,7
C0078,29,M,Student,12668892,21649718,5,1,637,8
C0079,44,M,Engineer,10246851,17266411,1,0,842,6
C0080,21,M,Entrepreneur,13196441,12629240,5,0,763,6
C0081,28,M,Doctor,8448134,5249492,2,0,838,4
C0082,44,M,Banker,14228042,15714449,11,1,768,3
C0083,31,M,Banker,16896694,12846332,11,0,796,9
C0084,37,F,Teacher,8911484,13745310,8,1,740,0
C0085,28,F,Doctor,8663492,8829394,10,0,686,9
C0086,55,M,Entrepreneur,14360153,28194944,1,1,657,9
C0087,55,M,Freelancer,14738716,21540016,11,1,649,6
C0088,53,F,Engineer,8431419,14617726,11,0,629,0
C0089,25,M,Teacher,8739439,6107006,8,0,789,0
C0090,59,M,Banker,9154646,16414479,4,1,700,4
C0091,48,F,Freelancer,5966648,11241975,7,0,624,8
C0092,27,M,Freelancer,7244044,8914468,1,1,711,5
C0093,29,F,Engineer,6987577,9848147,5,0,754,2
C0094,28,M,Doctor,7696607,12677964,2,1,778,2
C0095,32,F,Banker,9895945,7543262,11,1,805,6
C0096,54,F,Entrepreneur,10702644,13419500,11,1,784,5
C0097,53,F,Freelancer,14651501,16087268,13,0,725,8
C0098,43,M,Engineer,7004937,5040479,9,0,839,5
C0099,44,F,Entrepreneur,12952967,13617475,4,0,722,4
C0100,57,M,Doctor,9358033,5635954,11,0,646,9
C0101,55,M,Banker,9851608,5307237,7,0,717,6
C0102,42,M,Doctor,12024458,8450181,9,0,827,0
C0103,47,M,Freelancer,6631833,12896744,13,1,638,6
C0104,55,F,Entrepreneur,11147229,14762211,0,0,615,2
C0105,21,F,Entrepreneur,10499356,20460444,4,0,847,8
C0106,55,M,Entrepreneur,11477353,13184572,2,0,621,5
C0107,57,M,Freelancer,10867505,10516747,3,0,812,8
C0108,34,F,Freelancer,17365900,21867363,1,0,653,4
C0109,23,M,Doctor,8086780,9374741,8,1,748,6
C0110,21,F,Teacher,8407009,5535990,2,1,799,3
C0111,25,M,Doctor,8130578,11880721,1,0,840,6
C0112,46,M,Banker,8333568,6867337,9,0,615,0
C0113,34,F,Engineer,8087838,11560609,10,1,658,6
C0114,59,M,Entrepreneur,13567049,20015489,8,0,846,7
C0115,47,F,Teacher,14261512,10382912,6,0,630,4
C0116,29,M,Engineer,8287761,4906557,5,0,769,1
C0117,35,M,Teacher,7502933,12538469,0,0,801,4
C0118,35,M,Student,11414246,13579535,4,0,631,5
C0119,46,F,Doctor,8343330,4899584,11,0,786,1
C0120,33,M,Freelancer,11898795,23705963,10,0,761,5
C0121,52,M,Entrepreneur,10608769,6223855,13,1,608,5
C0122,59,M,Doctor,5452767,8411181,10,0,808,0
C0123,52,M,Engineer,14642515,28926557,2,1,738,0
C0124,24,F,Student,15387633,13214439,0,1,823,9
C0125,50,F,Student,8161633,5822297,3,0,609,2
C0126,57,M,Student,8836895,6027446,12,0,813,9
C0127,43,F,Engineer,10857596,10368056,1,0,848,9
C0128,59,M,Engineer,11003370,7169451,1,0,616,2
C0129,35,M,Engineer,11975632,18421420,2,1,667,3
C0130,49,M,Engineer,16030613,9513170,7,0,647,1
C0131,56,F,Student,9469158,11970276,7,1,779,8
C0132,33,F,Student,7605108,15172534,11,0,710,9
C0133,52,F,Teacher,5862042,10088312,6,0,752,6
C0134,27,F,Doctor,7807209,11108324,5,0,722,6
C0135,42,F,Entrepreneur,9900619,9498460,8,0,748,5
C0136,48,F,Freelancer,15383673,22088550,3,0,700,2
C0137,22,F,Student,8447166,10901593,11,0,701,5
C0138,26,F,Freelancer,10671363,12156017,0,0,840,7
C0139,48,F,Doctor,9950731,6926361,7,0,664,7
C0140,48,M,Doctor,13565179,24823006,6,1,790,8
C0141,40,F,Freelancer,17580797,20651757,6,0,816,0
C0142,50,F,Student,8407393,6658098,2,1,650,0
C0143,31,F,Freelancer,8531681,8972248,3,1,635,2
C0144,48,F,Teacher,13132482,14724068,9,1,680,2
C0145,45,F,Banker,12045674,20975214,8,0,832,9
C0146,59,F,Student,15540121,24870744,5,1,726,7
C0147,53,F,Student,11751784,19436949,4,0,687,9
C0148,21,F,Entrepreneur,8922123,4608694,2,0,793,0
C0149,47,F,Engineer,11771964,13234406,8,0,703,1
C0150,33,F,Banker,13326110,16284722,4,1,614,1
C0151,23,F,Doctor,12461446,6589468,4,0,695,2
C0152,59,M,Student,11521822,10251193,13,1,766,5
C0153,26,M,Freelancer,13200024,21653777,3,0,722,0
C0154,28,F,Banker,13507886,9532036,13,1,797,1
C0155,47,F,Entrepreneur,14146476,18432365,3,1,600,0
C0156,29,M,Doctor,11946129,9829308,11,0,838,4
C0157,57,F,Engineer,9498645,4922018,0,1,750,6
C0158,53,M,Engineer,10440141,8997336,6,0,721,7
C0159,44,M,Entrepreneur,13619526,26746169,8,0,766,9
C0160,35,M,Entrepreneur,7549192,12851032,2,0,725,0
C0161,52,M,Freelancer,11106019,21538624,11,0,656,6
C0162,52,M,Student,8819983,10864288,12,0,680,4
C0163,44,F,Engineer,10086234,6703354,1,0,761,9
C0164,32,M,Doctor,13835355,18289498,2,0,768,0
C0165,59,F,Banker,10573297,12493048,0,1,820,2
C0166,22,F,Doctor,10139309,17911450,5,1,672,6
C0167,23,M,Teacher,5920431,3831252,10,1,740,9
C0168,57,M,Teacher,12238760,15082579,10,1,669,0
C0169,37,F,Entrepreneur,11936452,8654799,6,1,605,6
C0170,22,M,Freelancer,16489764,16275626,10,0,683,4
C0171,22,M,Teacher,9076665,14577447,10,0,651,0
C0172,48,F,Engineer,10657450,12938434,1,1,844,0
C0173,43,F,Doctor,10748151,11434231,7,0,602,0
C0174,57,M,Doctor,14732359,16083528,13,0,680,8
C0175,52,F,Entrepreneur,9714113,11551733,5,0,662,2
C0176,53,M,Student,10837064,18179443,13,0,648,4
C0177,21,M,Student,11823689,21733442,3,0,675,9
C0178,39,M,Banker,10559827,20412167,4,0,711,8
C0179,22,F,Entrepreneur,8660699,14553049,7,0,774,5
C0180,46,F,Banker,10582269,10297715,13,0,708,8
C0181,52,F,Student,13220895,20257082,2,0,782,7
C0182,26,F,Entrepreneur,6920454,8002845,2,0,791,7
C0183,52,F,Entrepreneur,10398909,9171899,13,1,664,0
C0184,24,M,Entrepreneur,7899637,13913688,13,0,680,8
C0185,31,M,Student,13585139,7575610,10,0,794,5
C0186,37,M,Banker,5430439,10060664,3,1,817,8
C0187,58,M,Banker,8323234,9923094,0,0,614,2
C0188,44,F,Entrepreneur,11131635,16205458,8,0,699,2
C0189,25,M,Teacher,14696572,21883649,7,0,631,5
C0190,54,F,Freelancer,9802749,18063296,7,1,695,8
C0191,26,M,Student,8334401,12126591,13,0,727,6
C0192,42,F,Freelancer,15643471,22227813,9,0,795,2
C0193,31,F,Freelancer,5655958,3393450,5,1,745,2
C0194,36,M,Banker,3403582,4348457,6,0,712,1
C0195,53,M,Banker,11320043,8209900,5,0,682,8
C0196,29,M,Teacher,8493837,13642381,8,0,642,2
C0197,26,M,Freelancer,6936301,8797538,2,0,715,4
C0198,36,F,Freelancer,12125069,18434247,13,0,762,8
C0199,49,M,Entrepreneur,10731402,6036513,2,0,831,7
C0200,23,M,Banker,8307764,5210530,2,1,677,1
C0201,40,F,Freelancer,6159086,9697389,9,0,657,2
C0202,56,M,Doctor,12617371,7672957,2,0,632,1
C0203,39,M,Teacher,11950603,7252642,8,0,613,7
C0204,46,M,Doctor,9702472,5027459,11,0,761,5
C0205,23,M,Doctor,15539910,30065873,3,0,788,5
C0206,39,M,Student,6789745,10906113,12,1,846,8
C0207,40,F,Student,5423424,5585460,6,0,731,7
C0208,52,M,Teacher,7924275,7486881,13,1,815,3
C0209,27,M,Doctor,9863241,10105431,8,1,658,3
C0210,53,M,Freelancer,10730018,17833078,10,0,756,8
C0211,59,M,Banker,9276291,13840744,11,1,682,0
C0212,38,M,Teacher,11056166,8599412,6,0,733,1
C0213,21,F,Entrepreneur,6245381,4753759,8,0,720,1
C0214,31,M,Doctor,14331293,9280851,11,0,824,5
C0215,48,F,Teacher,9753546,14537212,2,0,776,3
C0216,45,F,Engineer,13351887,21984669,3,0,767,9
C0217,43,M,Engineer,11028176,9898555,13,0,682,2
C0218,51,M,Student,11370259,6042353,7,0,844,2
C0219,50,M,Banker,11709301,7297909,5,0,792,2
C0220,55,M,Freelancer,11343125,22139398,4,0,796,5
C0221,27,F,Banker,11928168,11250256,12,1,626,7
C0222,36,M,Banker,13987457,23132942,3,1,679,6
C0223,46,M,Banker,10589563,15217152,7,0,733,3
C0224,22,M,Banker,12127011,13011184,0,0,831,3
C0225,21,M,Entrepreneur,9730792,7867645,13,1,612,9
C0226,32,M,Entrepreneur,14320351,9767619,8,1,839,1
C0227,25,M,Student,7970823,11338650,0,1,663,0
C0228,57,F,Teacher,15402821,25598728,7,0,789,8
C0229,52,F,Engineer,9879526,14481966,3,0,826,1
C0230,29,M,Banker,5707674,7394024,8,0,746,7
C0231,55,M,Student,10384313,5845608,13,0,803,8
C0232,39,M,Teacher,7956845,15537595,10,1,679,3
C0233,36,F,Engineer,12521930,21263129,4,1,722,7
C0234,23,M,Doctor,8042128,7553432,2,0,642,8
C0235,40,F,Freelancer,8661449,17062669,8,1,801,9
C0236,44,M,Entrepreneur,4331377,6076152,10,0,688,9
C0237,53,M,Doctor,8643081,11872429,13,0,747,4
C0238,44,M,Engineer,2728362,4425702,13,0,694,6
C0239,31,M,Doctor,5248291,9014751,8,1,795,9
C0240,28,F,Freelancer,12281243,18234181,3,0,771,3
C0241,56,F,Student,12357400,8553095,10,1,750,0
C0242,58,M,Engineer,11276372,11359831,3,1,601,2
C0243,40,M,Doctor,7099071,13432332,11,0,719,4
C0244,55,F,Entrepreneur,9856865,8249441,7,0,621,2
C0245,45,F,Entrepreneur,9989192,10571067,1,1,714,6
C0246,55,F,Teacher,6524905,7491343,8,0,656,8
C0247,45,F,Doctor,14510194,16818874,12,1,828,5
C0248,49,M,Banker,12632086,17930101,13,1,671,9
C0249,38,F,Doctor,9337107,17876953,5,0,606,0
C0250,38,M,Student,10080657,8679839,8,0,805,6
C0251,22,F,Engineer,10625148,7249029,7,1,783,2
C0252,55,F,Engineer,3874795,3085134,6,0,718,4
C0253,36,F,Student,9258467,16946580,12,0,794,9
C0254,56,F,Doctor,7954047,11682237,13,0,713,3
C0255,53,F,Student,6995139,6497506,0,0,615,9
C0256,24,M,Freelancer,9156699,15785420,13,1,846,4
C0257,53,M,Student,15393059,27585208,11,1,682,4
C0258,34,F,Entrepreneur,11922528,21100150,2,0,778,5
C0259,41,F,Student,8286463,15565207,10,0,809,9
C0260,40,M,Engineer,11717748,10292419,13,0,843,9
C0261,28,F,Entrepreneur,14198066,23179235,1,1,807,5
C0262,27,F,Engineer,12773901,15211279,4,0,671,7
C0263,23,M,Teacher,10178891,17945362,4,0,723,7
C0264,37,F,Banker,8059189,12836160,4,0,824,8
C0265,53,F,Engineer,12094669,20133646,3,0,712,7
C0266,32,M,Entrepreneur,11180456,16594510,4,1,611,1
C0267,42,M,Teacher,12685579,9718969,2,0,725,9
C0268,42,M,Engineer,11905515,15685996,11,0,652,0
C0269,50,F,Freelancer,13148658,25994957,0,0,674,9
C0270,58,M,Student,8394294,16000213,4,1,732,1
C0271,58,M,Banker,13952182,7879642,12,0,626,1
C0272,28,M,Engineer,10592798,7915174,8,0,739,2
C0273,47,M,Teacher,16225782,11318994,12,0,744,9
C0274,47,M,Freelancer,7932436,12604401,8,1,733,6
C0275,54,M,Doctor,15207891,26259130,3,0,696,1
C0276,41,F,Teacher,10593732,8689689,2,0,604,0
C0277,50,F,Student,8045745,10127815,0,0,656,5
C0278,53,M,Teacher,8548342,15054096,1,1,755,8
C0279,48,M,Freelancer,9038958,14455122,7,0,677,2
C0280,53,M,Teacher,11272497,14804799,0,1,668,5
C0281,25,F,Freelancer,11568506,16028414,7,0,717,2
C0282,39,F,Engineer,8278899,10452447,12,0,719,0
C0283,24,F,Freelancer,9926936,9394084,6,0,658,4
C0284,55,F,Freelancer,16426811,22135669,7,1,632,9
C0285,37,F,Banker,15182629,23279949,11,0,661,3
C0286,48,F,Freelancer,11308971,20469060,5,1,649,6
C0287,50,F,Freelancer,10114010,14710190,11,1,711,5
C0288,49,F,Doctor,10360093,17007981,13,0,832,9
C0289,26,F,Engineer,11840553,8763281,8,1,618,6
C0290,55,M,Student,6931622,8264823,2,1,813,4
C0291,57,M,Banker,9227870,4743101,9,0,796,3
C0292,44,M,Doctor,4994247,4345086,3,0,722,6
C0293,49,M,Entrepreneur,11197669,17800851,12,1,793,6
C0294,51,F,Engineer,11941587,23736470,5,0,821,5
C0295,55,F,Engineer,8550440,5547244,7,1,646,7
C0296,53,M,Entrepreneur,14721960,16227154,4,1,766,3
C0297,41,F,Student,6322703,10749268,2,0,795,9
C0298,52,M,Freelancer,5606875,4519440,5,0,632,4
C0299,43,F,Doctor,10673355,14223605,3,0,740,3
C0300,53,M,Teacher,13141294,21020905,8,0,683,0
C0301,23,F,Banker,15051783,21433410,12,0,781,7
C0302,38,F,Teacher,8623347,6743777,2,0,734,0
C0303,45,M,Entrepreneur,13236042,13673848,3,0,678,4
C0304,51,F,Engineer,9884474,16563291,6,1,814,5
C0305,23,M,Student,9482118,12623920,6,1,613,5
C0306,44,M,Engineer,12650979,6424729,11,0,814,4
C0307,52,M,Banker,11956968,19627197,11,0,746,2
C0308,42,M,Engineer,5270823,2914591,3,0,727,4
C0309,43,F,Engineer,14429621,23355794,5,0,653,7
C0310,22,F,Banker,14140274,11364832,11,1,820,1
C0311,47,F,Doctor,8123311,15735748,12,1,847,5
C0312,22,M,Doctor,11187410,11768161,2,1,747,8
C0313,46,F,Banker,11482090,11371832,5,1,628,7
C0314,37,M,Student,10782021,7798981,11,0,623,7
C0315,53,F,Entrepreneur,8349084,8001814,1,1,681,7
C0316,29,F,Engineer,7985129,14492818,7,0,662,6
C0317,59,F,Student,9923337,19792110,1,1,801,7
C0318,49,M,Engineer,13518187,14227409,10,0,704,5
C0319,46,F,Entrepreneur,11630800,13641950,6,1,656,1
C0320,55,F,Doctor,8888157,14070898,8,1,735,1
C0321,45,M,Student,12315096,22527927,0,0,817,7
C0322,44,F,Freelancer,1454372,2020946,7,0,661,0
C0323,33,M,Freelancer,13446297,14620004,6,1,756,5
C0324,27,F,Freelancer,4780858,5349458,5,0,801,5
C0325,56,M,Doctor,8912677,13756068,5,0,616,3
C0326,40,M,Doctor,6640990,3352553,5,0,665,9
C0327,21,F,Entrepreneur,6115955,8742048,8,0,605,2
C0328,28,M,Engineer,13482480,13930631,1,1,657,2
C0329,36,M,Entrepreneur,8596896,14539895,0,0,668,0
C0330,34,M,Entrepreneur,11039511,7059612,12,0,755,2
C0331,32,M,Doctor,9859238,13628458,11,0,661,3
C0332,43,M,Freelancer,11431122,13962650,5,0,768,4
C0333,35,M,Teacher,10230465,14972165,9,0,796,2
C0334,48,F,Engineer,6151023,3673885,10,0,681,5
C0335,54,M,Doctor,12988800,17794340,7,0,817,4
C0336,22,M,Freelancer,8518730,11434068,2,0,811,2
C0337,52,F,Student,5330254,7147818,11,1,768,5
C0338,43,F,Teacher,8715654,12247511,9,0,776,5
C0339,42,F,Teacher,14502279,21966629,0,0,818,7
C0340,45,F,Doctor,12550665,21430053,8,0,776,1
C0341,42,F,Banker,8954043,8101000,12,0,803,0
C0342,42,F,Engineer,8952226,15555156,12,0,670,3
C0343,26,F,Teacher,9035094,11270227,0,0,730,6
C0344,35,M,Doctor,16230243,9991133,2,1,609,9
C0345,57,M,Doctor,11145806,6551798,7,0,697,2
C0346,53,F,Freelancer,11290124,11305450,13,0,688,2
C0347,28,M,Student,13090850,21957877,2,1,634,4
C0348,25,M,Banker,10716367,16733836,12,0,807,4
C0349,59,M,Engineer,9222873,15521379,3,0,601,9
C0350,24,F,Entrepreneur,9410950,12007464,7,0,723,2
C0351,26,F,Student,9785196,11353748,0,0,623,8
C0352,52,M,Student,9888333,7131256,12,1,673,3
C0353,50,F,Freelancer,12182888,12088947,12,1,765,2
C0354,55,M,Teacher,10155837,11689663,5,1,621,1
C0355,36,M,Teacher,12197920,7720071,0,0,753,9
C0356,33,M,Freelancer,9757850,8107972,13,0,770,8
C0357,50,M,Doctor,10235905,14303018,0,0,782,3
C0358,39,F,Teacher,4005397,6422632,13,0,638,2
C0359,37,F,Banker,12748983,25466364,7,0,818,6
C0360,39,F,Engineer,11039465,20971340,10,1,756,7
C0361,48,M,Student,12994030,19021282,3,0,838,1
C0362,46,F,Student,1311233,1484148,11,0,829,6
C0363,57,M,Banker,16265124,23653817,0,0,619,4
C0364,46,F,Teacher,9581231,16081879,9,0,818,4
C0365,43,M,Student,13324548,9027438,6,0,640,2
C0366,29,M,Entrepreneur,6880282,7670532,4,1,781,4
C0367,32,M,Engineer,11838321,20831934,4,0,747,1
C0368,21,F,Engineer,6839753,7357860,0,1,707,3
C0369,21,F,Student,8128693,11037207,13,0,746,5
C0370,54,F,Freelancer,15742094,21750127,9,1,683,0
C0371,52,F,Student,9427952,7322825,10,1,826,9
C0372,45,M,Freelancer,10652298,11114108,5,0,710,3
C0373,21,F,Student,12610203,12632484,13,0,665,5
C0374,36,F,Entrepreneur,11487045,6194906,8,1,757,8
C0375,59,M,Doctor,10451256,5604879,8,0,652,1
C0376,25,M,Engineer,11094883,19388813,7,1,633,6
C0377,42,M,Student,17210246,15654546,4,0,749,5
C0378,49,F,Entrepreneur,9827143,12550422,0,0,666,1
C0379,23,M,Freelancer,10603297,10052862,8,1,733,7
C0380,32,M,Freelancer,13151963,25133649,0,1,806,6
C0381,46,M,Engineer,13316577,11837706,7,0,626,4
C0382,36,F,Banker,13561090,15520467,4,1,609,4
C0383,57,M,Student,11916190,21557524,2,0,672,6
C0384,42,F,Teacher,6570985,11583991,10,0,824,8
C0385,49,F,Freelancer,14900294,11609595,6,0,695,8
C0386,34,M,Doctor,6560963,11179651,6,0,647,8
C0387,48,M,Doctor,10907906,12950742,8,1,669,5
C0388,25,F,Freelancer,7737172,9473805,6,0,832,9
C0389,50,M,Banker,9807584,6867466,12,0,786,5
C0390,25,M,Banker,10986287,6821410,10,0,699,2
C0391,32,F,Entrepreneur,10964071,17453802,13,0,658,0
C0392,36,F,Doctor,11265762,14022400,2,0,601,6
C0393,46,M,Entrepreneur,14841133,17145605,10,1,756,3
C0394,46,F,Doctor,11360602,18111779,12,0,795,0
C0395,41,M,Student,9267530,15275385,13,1,664,7
C0396,59,M,Student,12892261,9519158,12,1,682,5
C0397,56,M,Teacher,13568411,19203883,0,0,753,5
C0398,53,F,Student,6317176,4441171,7,1,816,1
C0399,50,M,Teacher,11792200,19186647,11,1,609,0
C0400,57,M,Student,12103518,17978961,2,0,652,1
C0401,43,M,Engineer,9107309,17621931,11,0,678,3
C0402,30,F,Student,14127120,8524827,7,0,658,1
C0403,25,F,Entrepreneur,9549833,5592211,7,0,749,0
C0404,56,F,Freelancer,10376729,9580632,12,1,778,6
C0405,54,F,Entrepreneur,9480784,8462154,4,0,647,7
C0406,51,F,Freelancer,10046737,8745365,12,1,748,5
C0407,30,M,Banker,6711174,12478635,11,0,722,3
C0408,39,F,Entrepreneur,5679847,4965999,12,0,847,5
C0409,52,F,Banker,14783515,13422316,0,1,621,2
C0410,21,F,Teacher,7459115,12226215,12,0,699,7
C0411,25,M,Teacher,7025822,8252599,9,0,697,9
C0412,24,F,Engineer,3539829,5894048,6,0,757,1
C0413,36,F,Student,8083114,4834100,11,0,624,4
C0414,44,M,Entrepreneur,6030730,7425980,9,0,836,0
C0415,36,F,Banker,14926045,8215599,4,0,627,5
C0416,22,M,Freelancer,13029451,7739230,7,0,792,1
C0417,48,M,Teacher,7935548,14757390,8,1,712,3
C0418,52,M,Student,16757307,11878719,10,0,644,5
C0419,47,M,Teacher,12945296,16811162,13,0,667,9
C0420,40,M,Freelancer,9025505,10078270,6,0,606,7
C0421,44,F,Student,2501782,2554356,13,1,648,7
C0422,32,M,Student,16872827,31210512,12,0,736,5
C0423,55,M,Banker,5831282,3106528,6,0,763,3
C0424,53,F,Banker,5063803,7573851,0,0,682,7
C0425,53,M,Entrepreneur,13067711,25417895,3,0,728,7
C0426,57,F,Entrepreneur,17319257,23212173,1,1,737,9
C0427,32,F,Doctor,14152818,26964425,1,1,763,0
C0428,23,F,Doctor,11691727,6762340,1,0,672,3
C0429,21,M,Engineer,11784263,13294887,3,0,836,3
C0430,53,M,Teacher,12560246,11181591,13,0,645,6
C0431,30,M,Entrepreneur,12276785,19596590,0,1,705,6
C0432,49,F,Banker,10843574,21382938,3,1,759,7
C0433,33,M,Freelancer,10312603,9124540,1,0,631,4
C0434,32,M,Banker,9812220,14534467,4,1,605,6
C0435,51,M,Teacher,7738106,6168403,2,1,775,7
C0436,22,F,Doctor,9157974,12344906,11,0,765,8
C0437,55,F,Banker,4921129,5885171,7,0,744,2
C0438,43,M,Engineer,9704981,19002430,3,0,673,2
C0439,37,M,Teacher,7034226,9937890,0,1,713,3
C0440,46,M,Doctor,6689232,6851509,0,1,626,4
C0441,28,M,Freelancer,10539682,7073640,11,1,653,9
C0442,49,F,Doctor,14176006,10304116,9,1,777,0
C0443,46,F,Student,12754949,10688333,2,0,762,6
C0444,30,F,Engineer,5288498,4635104,8,1,843,8
C0445,46,F,Teacher,7031115,12486726,6,1,684,7
C0446,54,M,Freelancer,12822313,17205417,1,0,726,4
C0447,27,M,Engineer,7052537,9063119,12,0,752,3
C0448,24,M,Doctor,9326100,6268568,8,1,755,6
C0449,31,F,Engineer,11650156,20856220,9,0,710,4
C0450,49,M,Teacher,7094966,11239997,1,1,614,6
C0451,56,F,Entrepreneur,10316126,6205176,2,0,731,0
C0452,45,F,Engineer,5997923,9367272,10,0,692,0
C0453,41,M,Student,8195897,10780123,12,1,722,9
C0454,56,M,Engineer,10959345,6823156,9,0,672,2
C0455,30,M,Doctor,5221018,6199702,13,0,754,1
C0456,57,F,Doctor,11321424,13891890,1,0,753,1
C0457,29,M,Freelancer,9941086,7442511,2,1,746,6
C0458,44,F,Doctor,11657469,22365404,5,0,847,9
C0459,55,M,Banker,10671742,18941947,8,1,691,1
C0460,55,F,Teacher,14092421,21188427,8,0,616,3
C0461,56,F,Teacher,10375673,12382777,6,1,642,1
C0462,38,M,Entrepreneur,8711783,9736709,11,1,720,5
C0463,59,F,Entrepreneur,10366892,15306303,2,0,640,7
C0464,52,F,Teacher,11629894,15329919,3,0,769,9
C0465,44,M,Student,10146580,6021078,5,0,777,3
C0466,43,F,Entrepreneur,10121775,12842042,10,0,811,4
C0467,52,M,Freelancer,7894024,13495666,4,0,836,3
C0468,57,F,Doctor,8011297,9524309,1,0,767,2
C0469,32,M,Teacher,5792184,3347505,12,0,638,4
C0470,33,M,Entrepreneur,15248730,25608980,5,0,712,8
C0471,43,F,Teacher,6268410,5027551,2,0,844,7
C0472,45,F,Banker,7921284,7033555,13,0,750,7
C0473,55,F,Engineer,7844778,5860516,7,1,710,7
C0474,50,F,Doctor,12684773,12625441,1,0,823,7
C0475,37,F,Teacher,9115150,14904430,0,0,779,6
C0476,40,M,Engineer,13743226,17578668,8,0,646,7
C0477,45,F,Entrepreneur,7979528,6442047,13,1,662,7
C0478,42,M,Engineer,10836982,19688034,11,1,824,7
C0479,33,M,Doctor,7493958,13634303,2,1,848,9
C0480,39,F,Teacher,16435447,29680241,10,1,709,6
C0481,56,M,Banker,6437204,5524371,0,0,668,0
C0482,32,M,Student,10929462,12862435,6,1,642,3
C0483,39,M,Entrepreneur,11901330,23534695,12,1,775,3
C0484,32,M,Teacher,11241397,18638446,9,0,633,4
C0485,29,F,Doctor,9444137,5106927,4,1,639,9
C0486,27,M,Entrepreneur,9610537,5745245,4,0,802,5
C0487,48,F,Freelancer,10131434,12116152,13,0,660,3
C0488,34,F,Engineer,9558993,17816340,0,0,777,1
C0489,51,M,Student,12891637,16862940,8,0,794,5
C0490,39,F,Doctor,16631569,20734889,6,1,661,7
C0491,36,F,Freelancer,8327524,5481264,7,0,657,7
C0492,25,F,Teacher,5890591,8748529,8,0,760,6
C0493,55,M,Banker,9735153,16872526,5,0,674,5
C0494,32,F,Entrepreneur,17739128,18992042,11,1,615,1
C0495,45,F,Engineer,7588976,12623637,4,0,681,6
C0496,41,F,Entrepreneur,14917350,29039828,5,0,693,4
C0497,56,M,Student,15033102,12111413,10,1,647,5
C0498,43,F,Teacher,8339235,10715870,1,1,846,9
C0499,36,M,Entrepreneur,11706949,10895738,3,0,737,7
C0500,59,M,Engineer,14885189,25145276,2,1,681,7
